host,ip,port,protocol,title,domain,country,city,link,org
https://102.134.53.30,102.134.53.30,443,https,403 Forbidden,,CN,Taipei,https://102.134.53.30,XNNET LLC
https://60.249.20.178,60.249.20.178,443,https,403 Forbidden,,CN,Taipei,https://60.249.20.178,Data Communication Business Group
https://36.235.148.188,36.235.148.188,443,https,403 Forbidden,,CN,Yuanlin,https://36.235.148.188,Data Communication Business Group
https://45.121.51.184,45.121.51.184,443,https,403 Forbidden,,CN,Taipei,https://45.121.51.184,"Emagine Concept, Inc."
https://212.192.8.100,212.192.8.100,443,https,403 Forbidden,,CN,Taipei,https://212.192.8.100,Hostkey B.v.
https://1.162.71.62,1.162.71.62,443,https,403 Forbidden,,CN,Banqiao,https://1.162.71.62,Data Communication Business Group
https://60.250.125.21,60.250.125.21,443,https,403 Forbidden,,CN,Banqiao,https://60.250.125.21,Data Communication Business Group
https://36.232.98.7,36.232.98.7,443,https,403 Forbidden,,CN,Changhua,https://36.232.98.7,Data Communication Business Group
https://219.70.24.25,219.70.24.25,443,https,403 Forbidden,,CN,Taipei,https://219.70.24.25,Hoshin Multimedia Center Inc.
https://118.163.202.61,118.163.202.61,443,https,403 Forbidden,,CN,Taipei,https://118.163.202.61,Data Communication Business Group
https://114.33.52.140,114.33.52.140,443,https,403 Forbidden,,CN,Taipei,https://114.33.52.140,Data Communication Business Group
https://178.173.255.147,178.173.255.147,443,https,403 Forbidden,,CN,Taipei,https://178.173.255.147,SIA VEESP
https://178.173.255.146,178.173.255.146,443,https,403 Forbidden,,CN,Taipei,https://178.173.255.146,SIA VEESP
https://178.173.255.201,178.173.255.201,443,https,403 Forbidden,,CN,Taipei,https://178.173.255.201,SIA VEESP
https://38.54.107.101,38.54.107.101,443,https,403 Forbidden,,CN,Taipei,https://38.54.107.101,Kaopu Cloud HK Limited
https://211.75.42.27,211.75.42.27,443,https,403 Forbidden,,CN,Taipei,https://211.75.42.27,Data Communication Business Group
https://103.158.228.141,103.158.228.141,443,https,403 Forbidden,,CN,Taipei,https://103.158.228.141,"Imcloud Technology Co., Ltd."
https://61.216.171.248,61.216.171.248,443,https,403 Forbidden,,CN,Taipei,https://61.216.171.248,Data Communication Business Group
https://111.251.131.234,111.251.131.234,443,https,403 Forbidden,,CN,Taoyuan,https://111.251.131.234,Data Communication Business Group
https://154.223.20.79,154.223.20.79,443,https,403 Forbidden,,CN,Taipei,https://154.223.20.79,Kaopu Cloud HK Limited
https://103.137.22.114,103.137.22.114,443,https,403 Forbidden,,CN,Taipei,https://103.137.22.114,"Imcloud Technology Co., Ltd."
https://141.11.42.81,141.11.42.81,443,https,403 Forbidden,,CN,Taipei,https://141.11.42.81,Akari Networks
https://118.170.76.156,118.170.76.156,443,https,403 Forbidden,,CN,Taipei,https://118.170.76.156,Data Communication Business Group
https://220.143.12.119,220.143.12.119,443,https,403 Forbidden,,CN,Chiayi,https://220.143.12.119,Data Communication Business Group
https://202.153.4.205,202.153.4.205,443,https,403 Forbidden,,CN,Taipei,https://202.153.4.205,"Sky Digital Co., Ltd."
https://36.237.171.227,36.237.171.227,443,https,403 Forbidden,,CN,Taipei,https://36.237.171.227,Data Communication Business Group
https://220.143.1.10,220.143.1.10,443,https,403 Forbidden,,CN,Taipei,https://220.143.1.10,Data Communication Business Group
https://156.229.28.64,156.229.28.64,443,https,403 Forbidden,,CN,Taipei,https://156.229.28.64,UCLOUD INFORMATION TECHNOLOGY HK LIMITED
https://166.0.199.138,166.0.199.138,443,https,403 Forbidden,,CN,Taipei,https://166.0.199.138,AKILE LTD
https://202.153.4.201,202.153.4.201,443,https,403 Forbidden,,CN,Taipei,https://202.153.4.201,"Sky Digital Co., Ltd."
https://140.235.39.140,140.235.39.140,443,https,403 Forbidden,,CN,Taipei,https://140.235.39.140,ByteVirt LLC
https://212.192.8.135,212.192.8.135,443,https,403 Forbidden,,CN,Taipei,https://212.192.8.135,Hostkey B.v.
https://103.177.33.242,103.177.33.242,443,https,403 Forbidden,,CN,Taipei,https://103.177.33.242,"Sky Digital Co., Ltd."
https://103.115.108.249,103.115.108.249,443,https,403 Forbidden,,CN,Taipei,https://103.115.108.249,GLOBAL COMMUNICATION NETWORK LIMITED
https://61.223.98.81,61.223.98.81,443,https,403 Forbidden,,CN,Taipei,https://61.223.98.81,Data Communication Business Group
https://212.192.8.186,212.192.8.186,443,https,403 Forbidden,,CN,Taipei,https://212.192.8.186,Hostkey B.v.
https://111.250.38.227,111.250.38.227,443,https,403 Forbidden,,CN,Banqiao,https://111.250.38.227,Data Communication Business Group
https://202.153.4.207,202.153.4.207,443,https,403 Forbidden,,CN,Taipei,https://202.153.4.207,"Sky Digital Co., Ltd."
https://202.153.4.145,202.153.4.145,443,https,403 Forbidden,,CN,Taipei,https://202.153.4.145,"Sky Digital Co., Ltd."
https://85.237.207.2,85.237.207.2,443,https,403 Forbidden,,CN,Taipei,https://85.237.207.2,WAP.AC LLC
https://60.248.51.135,60.248.51.135,443,https,403 Forbidden,,CN,Taipei,https://60.248.51.135,Data Communication Business Group
https://59.127.191.39,59.127.191.39,443,https,403 Forbidden,,CN,Taipei,https://59.127.191.39,Data Communication Business Group
https://188.253.6.136,188.253.6.136,443,https,403 Forbidden,,CN,Taipei,https://188.253.6.136,Akari Networks
https://83.147.13.154,83.147.13.154,443,https,,,CN,Taipei,https://83.147.13.154,AKILE LTD
45.207.158.200:443,45.207.158.200,443,http,,,CN,Taipei,http://45.207.158.200:443,AKILE LTD
https://220.135.218.225,220.135.218.225,443,https,403 Forbidden,,CN,Taipei,https://220.135.218.225,Data Communication Business Group
https://114.33.57.170,114.33.57.170,443,https,403 Forbidden,,CN,Kaohsiung,https://114.33.57.170,Data Communication Business Group
https://118.170.90.211,118.170.90.211,443,https,403 Forbidden,,CN,Yuanlin,https://118.170.90.211,Data Communication Business Group
https://103.177.33.162,103.177.33.162,443,https,403 Forbidden,,CN,Taipei,https://103.177.33.162,"Sky Digital Co., Ltd."
https://103.177.33.4,103.177.33.4,443,https,403 Forbidden,,CN,Taipei,https://103.177.33.4,"Sky Digital Co., Ltd."
https://103.227.227.144,103.227.227.144,443,https,403 Forbidden,,CN,Taoyuan,https://103.227.227.144,"Sky Digital Co., Ltd."
https://103.227.227.105,103.227.227.105,443,https,403 Forbidden,,CN,Taoyuan,https://103.227.227.105,"Sky Digital Co., Ltd."
https://36.232.8.233,36.232.8.233,443,https,403 Forbidden,,CN,Changhua,https://36.232.8.233,Data Communication Business Group
https://36.232.10.71,36.232.10.71,443,https,403 Forbidden,,CN,Yuanlin,https://36.232.10.71,Data Communication Business Group
https://64.204.43.239,64.204.43.239,443,https,403 Forbidden,,CN,Kaohsiung,https://64.204.43.239,MIFFLIN COUNTY WIRELESS LLC
https://64.204.43.189,64.204.43.189,443,https,403 Forbidden,,CN,Kaohsiung,https://64.204.43.189,MIFFLIN COUNTY WIRELESS LLC
https://64.204.43.162,64.204.43.162,443,https,403 Forbidden,,CN,Kaohsiung,https://64.204.43.162,MIFFLIN COUNTY WIRELESS LLC
https://64.204.43.142,64.204.43.142,443,https,403 Forbidden,,CN,Kaohsiung,https://64.204.43.142,MIFFLIN COUNTY WIRELESS LLC
https://64.204.43.241,64.204.43.241,443,https,403 Forbidden,,CN,Kaohsiung,https://64.204.43.241,MIFFLIN COUNTY WIRELESS LLC
https://64.204.43.165,64.204.43.165,443,https,403 Forbidden,,CN,Kaohsiung,https://64.204.43.165,MIFFLIN COUNTY WIRELESS LLC
https://151.247.243.28,151.247.243.28,443,https,403 Forbidden,,CN,Taipei,https://151.247.243.28,FDCservers.net
https://64.204.43.136,64.204.43.136,443,https,403 Forbidden,,CN,Kaohsiung,https://64.204.43.136,MIFFLIN COUNTY WIRELESS LLC
https://64.204.43.254,64.204.43.254,443,https,403 Forbidden,,CN,Kaohsiung,https://64.204.43.254,MIFFLIN COUNTY WIRELESS LLC
https://64.204.43.211,64.204.43.211,443,https,403 Forbidden,,CN,Kaohsiung,https://64.204.43.211,MIFFLIN COUNTY WIRELESS LLC
https://64.204.43.163,64.204.43.163,443,https,403 Forbidden,,CN,Kaohsiung,https://64.204.43.163,MIFFLIN COUNTY WIRELESS LLC
https://178.173.255.16,178.173.255.16,443,https,403 Forbidden,,CN,Taipei,https://178.173.255.16,SIA VEESP
https://64.204.43.196,64.204.43.196,443,https,403 Forbidden,,CN,Kaohsiung,https://64.204.43.196,MIFFLIN COUNTY WIRELESS LLC
https://64.204.43.237,64.204.43.237,443,https,403 Forbidden,,CN,Kaohsiung,https://64.204.43.237,MIFFLIN COUNTY WIRELESS LLC
https://64.204.43.184,64.204.43.184,443,https,403 Forbidden,,CN,Kaohsiung,https://64.204.43.184,MIFFLIN COUNTY WIRELESS LLC
https://64.204.43.186,64.204.43.186,443,https,403 Forbidden,,CN,Kaohsiung,https://64.204.43.186,MIFFLIN COUNTY WIRELESS LLC
https://111.251.187.52,111.251.187.52,443,https,403 Forbidden,,CN,Keelung,https://111.251.187.52,Data Communication Business Group
https://64.204.43.185,64.204.43.185,443,https,403 Forbidden,,CN,Kaohsiung,https://64.204.43.185,MIFFLIN COUNTY WIRELESS LLC
https://64.204.43.183,64.204.43.183,443,https,403 Forbidden,,CN,Kaohsiung,https://64.204.43.183,MIFFLIN COUNTY WIRELESS LLC
https://64.204.43.193,64.204.43.193,443,https,403 Forbidden,,CN,Kaohsiung,https://64.204.43.193,MIFFLIN COUNTY WIRELESS LLC
https://64.204.43.178,64.204.43.178,443,https,403 Forbidden,,CN,Kaohsiung,https://64.204.43.178,MIFFLIN COUNTY WIRELESS LLC
https://64.204.43.253,64.204.43.253,443,https,403 Forbidden,,CN,Kaohsiung,https://64.204.43.253,MIFFLIN COUNTY WIRELESS LLC
https://64.204.43.152,64.204.43.152,443,https,403 Forbidden,,CN,Kaohsiung,https://64.204.43.152,MIFFLIN COUNTY WIRELESS LLC
https://64.204.43.246,64.204.43.246,443,https,403 Forbidden,,CN,Kaohsiung,https://64.204.43.246,MIFFLIN COUNTY WIRELESS LLC
https://64.204.43.213,64.204.43.213,443,https,403 Forbidden,,CN,Kaohsiung,https://64.204.43.213,MIFFLIN COUNTY WIRELESS LLC
https://64.204.43.229,64.204.43.229,443,https,403 Forbidden,,CN,Kaohsiung,https://64.204.43.229,MIFFLIN COUNTY WIRELESS LLC
https://64.204.43.153,64.204.43.153,443,https,403 Forbidden,,CN,Kaohsiung,https://64.204.43.153,MIFFLIN COUNTY WIRELESS LLC
https://64.204.43.249,64.204.43.249,443,https,403 Forbidden,,CN,Kaohsiung,https://64.204.43.249,MIFFLIN COUNTY WIRELESS LLC
https://64.204.43.191,64.204.43.191,443,https,403 Forbidden,,CN,Kaohsiung,https://64.204.43.191,MIFFLIN COUNTY WIRELESS LLC
https://64.204.43.188,64.204.43.188,443,https,403 Forbidden,,CN,Kaohsiung,https://64.204.43.188,MIFFLIN COUNTY WIRELESS LLC
https://64.204.43.138,64.204.43.138,443,https,403 Forbidden,,CN,Kaohsiung,https://64.204.43.138,MIFFLIN COUNTY WIRELESS LLC
https://64.204.43.180,64.204.43.180,443,https,403 Forbidden,,CN,Kaohsiung,https://64.204.43.180,MIFFLIN COUNTY WIRELESS LLC
https://140.235.39.143,140.235.39.143,443,https,403 Forbidden,,CN,Taipei,https://140.235.39.143,ByteVirt LLC
https://64.204.43.181,64.204.43.181,443,https,403 Forbidden,,CN,Kaohsiung,https://64.204.43.181,MIFFLIN COUNTY WIRELESS LLC
https://64.204.43.158,64.204.43.158,443,https,403 Forbidden,,CN,Kaohsiung,https://64.204.43.158,MIFFLIN COUNTY WIRELESS LLC
https://64.204.43.223,64.204.43.223,443,https,403 Forbidden,,CN,Kaohsiung,https://64.204.43.223,MIFFLIN COUNTY WIRELESS LLC
https://213.210.5.89,213.210.5.89,443,https,403 Forbidden,,CN,Taipei,https://213.210.5.89,ByteVirt LLC
https://167.253.153.73,167.253.153.73,443,https,403 Forbidden,,CN,Taipei,https://167.253.153.73,Lamhosting LLC
https://64.204.43.169,64.204.43.169,443,https,403 Forbidden,,CN,Kaohsiung,https://64.204.43.169,MIFFLIN COUNTY WIRELESS LLC
https://64.204.43.236,64.204.43.236,443,https,403 Forbidden,,CN,Kaohsiung,https://64.204.43.236,MIFFLIN COUNTY WIRELESS LLC
https://64.204.43.167,64.204.43.167,443,https,403 Forbidden,,CN,Kaohsiung,https://64.204.43.167,MIFFLIN COUNTY WIRELESS LLC
https://64.204.43.207,64.204.43.207,443,https,403 Forbidden,,CN,Kaohsiung,https://64.204.43.207,MIFFLIN COUNTY WIRELESS LLC
https://64.204.43.231,64.204.43.231,443,https,403 Forbidden,,CN,Kaohsiung,https://64.204.43.231,MIFFLIN COUNTY WIRELESS LLC
https://64.204.43.155,64.204.43.155,443,https,403 Forbidden,,CN,Kaohsiung,https://64.204.43.155,MIFFLIN COUNTY WIRELESS LLC
https://64.204.43.219,64.204.43.219,443,https,403 Forbidden,,CN,Kaohsiung,https://64.204.43.219,MIFFLIN COUNTY WIRELESS LLC
https://212.192.8.219,212.192.8.219,443,https,403 Forbidden,,CN,Taipei,https://212.192.8.219,Hostkey B.v.
https://141.11.87.202,141.11.87.202,443,https,403 Forbidden,,CN,Taipei,https://141.11.87.202,AKILE LTD
https://36.238.207.129,36.238.207.129,443,https,403 Forbidden,,CN,Taipei,https://36.238.207.129,Data Communication Business Group
https://64.204.43.176,64.204.43.176,443,https,403 Forbidden,,CN,Kaohsiung,https://64.204.43.176,MIFFLIN COUNTY WIRELESS LLC
https://64.204.43.192,64.204.43.192,443,https,403 Forbidden,,CN,Kaohsiung,https://64.204.43.192,MIFFLIN COUNTY WIRELESS LLC
https://151.247.243.35,151.247.243.35,443,https,403 Forbidden,,CN,Taipei,https://151.247.243.35,FDCservers.net
https://64.204.43.160,64.204.43.160,443,https,403 Forbidden,,CN,Kaohsiung,https://64.204.43.160,MIFFLIN COUNTY WIRELESS LLC
https://220.134.130.207,220.134.130.207,443,https,403 Forbidden,,CN,Taipei,https://220.134.130.207,Data Communication Business Group
https://64.204.43.248,64.204.43.248,443,https,403 Forbidden,,CN,Kaohsiung,https://64.204.43.248,MIFFLIN COUNTY WIRELESS LLC
https://64.204.43.250,64.204.43.250,443,https,403 Forbidden,,CN,Kaohsiung,https://64.204.43.250,MIFFLIN COUNTY WIRELESS LLC
https://64.204.43.200,64.204.43.200,443,https,403 Forbidden,,CN,Kaohsiung,https://64.204.43.200,MIFFLIN COUNTY WIRELESS LLC
https://64.204.43.157,64.204.43.157,443,https,403 Forbidden,,CN,Kaohsiung,https://64.204.43.157,MIFFLIN COUNTY WIRELESS LLC
https://64.204.43.133,64.204.43.133,443,https,403 Forbidden,,CN,Kaohsiung,https://64.204.43.133,MIFFLIN COUNTY WIRELESS LLC
https://64.204.43.206,64.204.43.206,443,https,403 Forbidden,,CN,Kaohsiung,https://64.204.43.206,MIFFLIN COUNTY WIRELESS LLC
https://64.204.43.144,64.204.43.144,443,https,403 Forbidden,,CN,Kaohsiung,https://64.204.43.144,MIFFLIN COUNTY WIRELESS LLC
https://64.204.43.132,64.204.43.132,443,https,403 Forbidden,,CN,Kaohsiung,https://64.204.43.132,MIFFLIN COUNTY WIRELESS LLC
https://151.247.243.37,151.247.243.37,443,https,403 Forbidden,,CN,Taipei,https://151.247.243.37,FDCservers.net
https://178.173.255.254,178.173.255.254,443,https,403 Forbidden,,CN,Taipei,https://178.173.255.254,SIA VEESP
https://151.247.243.24,151.247.243.24,443,https,403 Forbidden,,CN,Taipei,https://151.247.243.24,FDCservers.net
https://167.253.153.28,167.253.153.28,443,https,403 Forbidden,,CN,Taipei,https://167.253.153.28,Lamhosting LLC
https://64.204.43.102,64.204.43.102,443,https,403 Forbidden,,CN,Kaohsiung,https://64.204.43.102,MIFFLIN COUNTY WIRELESS LLC
https://141.11.87.193,141.11.87.193,443,https,403 Forbidden,,CN,Taipei,https://141.11.87.193,AKILE LTD
https://64.204.43.224,64.204.43.224,443,https,403 Forbidden,,CN,Kaohsiung,https://64.204.43.224,MIFFLIN COUNTY WIRELESS LLC
https://64.204.43.21,64.204.43.21,443,https,403 Forbidden,,CN,Kaohsiung,https://64.204.43.21,MIFFLIN COUNTY WIRELESS LLC
https://178.173.254.136,178.173.254.136,443,https,403 Forbidden,,CN,Taipei,https://178.173.254.136,SIA VEESP
https://64.204.43.9,64.204.43.9,443,https,403 Forbidden,,CN,Kaohsiung,https://64.204.43.9,MIFFLIN COUNTY WIRELESS LLC
https://64.204.43.46,64.204.43.46,443,https,403 Forbidden,,CN,Kaohsiung,https://64.204.43.46,MIFFLIN COUNTY WIRELESS LLC
https://64.204.43.5,64.204.43.5,443,https,403 Forbidden,,CN,Kaohsiung,https://64.204.43.5,MIFFLIN COUNTY WIRELESS LLC
https://151.247.243.32,151.247.243.32,443,https,403 Forbidden,,CN,Taipei,https://151.247.243.32,FDCservers.net
https://64.204.43.18,64.204.43.18,443,https,403 Forbidden,,CN,Kaohsiung,https://64.204.43.18,MIFFLIN COUNTY WIRELESS LLC
https://151.247.243.5,151.247.243.5,443,https,403 Forbidden,,CN,Taipei,https://151.247.243.5,FDCservers.net
https://151.247.243.15,151.247.243.15,443,https,403 Forbidden,,CN,Taipei,https://151.247.243.15,FDCservers.net
https://151.247.243.39,151.247.243.39,443,https,403 Forbidden,,CN,Taipei,https://151.247.243.39,FDCservers.net
https://151.247.243.33,151.247.243.33,443,https,403 Forbidden,,CN,Taipei,https://151.247.243.33,FDCservers.net
https://151.247.243.16,151.247.243.16,443,https,403 Forbidden,,CN,Taipei,https://151.247.243.16,FDCservers.net
https://151.247.243.23,151.247.243.23,443,https,403 Forbidden,,CN,Taipei,https://151.247.243.23,FDCservers.net
https://151.247.243.13,151.247.243.13,443,https,403 Forbidden,,CN,Taipei,https://151.247.243.13,FDCservers.net
https://151.247.243.40,151.247.243.40,443,https,403 Forbidden,,CN,Taipei,https://151.247.243.40,FDCservers.net
https://64.204.43.78,64.204.43.78,443,https,403 Forbidden,,CN,Kaohsiung,https://64.204.43.78,MIFFLIN COUNTY WIRELESS LLC
https://64.204.43.105,64.204.43.105,443,https,403 Forbidden,,CN,Kaohsiung,https://64.204.43.105,MIFFLIN COUNTY WIRELESS LLC
https://151.247.243.6,151.247.243.6,443,https,403 Forbidden,,CN,Taipei,https://151.247.243.6,FDCservers.net
https://64.204.43.63,64.204.43.63,443,https,403 Forbidden,,CN,Kaohsiung,https://64.204.43.63,MIFFLIN COUNTY WIRELESS LLC
https://64.204.43.2,64.204.43.2,443,https,403 Forbidden,,CN,Kaohsiung,https://64.204.43.2,MIFFLIN COUNTY WIRELESS LLC
https://64.204.43.85,64.204.43.85,443,https,403 Forbidden,,CN,Kaohsiung,https://64.204.43.85,MIFFLIN COUNTY WIRELESS LLC
https://64.204.43.11,64.204.43.11,443,https,403 Forbidden,,CN,Kaohsiung,https://64.204.43.11,MIFFLIN COUNTY WIRELESS LLC
https://220.143.7.95,220.143.7.95,443,https,403 Forbidden,,CN,Chiayi,https://220.143.7.95,Data Communication Business Group
https://103.150.36.83,103.150.36.83,443,https,403 Forbidden,,CN,Taichung,https://103.150.36.83,HostingInside LTD.
https://64.204.43.88,64.204.43.88,443,https,403 Forbidden,,CN,Kaohsiung,https://64.204.43.88,MIFFLIN COUNTY WIRELESS LLC
https://141.11.42.52,141.11.42.52,443,https,403 Forbidden,,CN,Taipei,https://141.11.42.52,Akari Networks
https://64.204.43.187,64.204.43.187,443,https,403 Forbidden,,CN,Kaohsiung,https://64.204.43.187,MIFFLIN COUNTY WIRELESS LLC
https://64.204.43.71,64.204.43.71,443,https,403 Forbidden,,CN,Kaohsiung,https://64.204.43.71,MIFFLIN COUNTY WIRELESS LLC
https://64.204.43.221,64.204.43.221,443,https,403 Forbidden,,CN,Kaohsiung,https://64.204.43.221,MIFFLIN COUNTY WIRELESS LLC
https://64.204.43.12,64.204.43.12,443,https,403 Forbidden,,CN,Kaohsiung,https://64.204.43.12,MIFFLIN COUNTY WIRELESS LLC
https://64.204.43.14,64.204.43.14,443,https,403 Forbidden,,CN,Kaohsiung,https://64.204.43.14,MIFFLIN COUNTY WIRELESS LLC
https://64.204.43.122,64.204.43.122,443,https,403 Forbidden,,CN,Kaohsiung,https://64.204.43.122,MIFFLIN COUNTY WIRELESS LLC
https://103.115.108.113,103.115.108.113,443,https,403 Forbidden,,CN,Taipei,https://103.115.108.113,GLOBAL COMMUNICATION NETWORK LIMITED
https://64.204.43.240,64.204.43.240,443,https,403 Forbidden,,CN,Kaohsiung,https://64.204.43.240,MIFFLIN COUNTY WIRELESS LLC
https://64.204.43.58,64.204.43.58,443,https,403 Forbidden,,CN,Kaohsiung,https://64.204.43.58,MIFFLIN COUNTY WIRELESS LLC
https://64.204.43.228,64.204.43.228,443,https,403 Forbidden,,CN,Kaohsiung,https://64.204.43.228,MIFFLIN COUNTY WIRELESS LLC
https://64.204.43.202,64.204.43.202,443,https,403 Forbidden,,CN,Kaohsiung,https://64.204.43.202,MIFFLIN COUNTY WIRELESS LLC
https://64.204.43.201,64.204.43.201,443,https,403 Forbidden,,CN,Kaohsiung,https://64.204.43.201,MIFFLIN COUNTY WIRELESS LLC
https://45.121.48.150,45.121.48.150,443,https,403 Forbidden,,CN,Taipei,https://45.121.48.150,"Emagine Concept, Inc."
https://213.210.4.131,213.210.4.131,443,https,403 Forbidden,,CN,Taipei,https://213.210.4.131,ByteVirt LLC
https://151.247.243.17,151.247.243.17,443,https,403 Forbidden,,CN,Taipei,https://151.247.243.17,FDCservers.net
https://165.154.195.73,165.154.195.73,443,https,403 Forbidden,,CN,Taipei,https://165.154.195.73,Scloud Pte Ltd
https://151.247.243.14,151.247.243.14,443,https,403 Forbidden,,CN,Taipei,https://151.247.243.14,FDCservers.net
https://64.204.43.244,64.204.43.244,443,https,403 Forbidden,,CN,Kaohsiung,https://64.204.43.244,MIFFLIN COUNTY WIRELESS LLC
https://151.247.243.30,151.247.243.30,443,https,403 Forbidden,,CN,Taipei,https://151.247.243.30,FDCservers.net
https://151.247.243.4,151.247.243.4,443,https,403 Forbidden,,CN,Taipei,https://151.247.243.4,FDCservers.net
https://64.204.43.161,64.204.43.161,443,https,403 Forbidden,,CN,Kaohsiung,https://64.204.43.161,MIFFLIN COUNTY WIRELESS LLC
https://64.204.43.27,64.204.43.27,443,https,403 Forbidden,,CN,Kaohsiung,https://64.204.43.27,MIFFLIN COUNTY WIRELESS LLC
https://64.204.43.28,64.204.43.28,443,https,403 Forbidden,,CN,Kaohsiung,https://64.204.43.28,MIFFLIN COUNTY WIRELESS LLC
https://64.204.43.47,64.204.43.47,443,https,403 Forbidden,,CN,Kaohsiung,https://64.204.43.47,MIFFLIN COUNTY WIRELESS LLC
https://64.204.43.57,64.204.43.57,443,https,403 Forbidden,,CN,Kaohsiung,https://64.204.43.57,MIFFLIN COUNTY WIRELESS LLC
https://64.204.43.17,64.204.43.17,443,https,403 Forbidden,,CN,Kaohsiung,https://64.204.43.17,MIFFLIN COUNTY WIRELESS LLC
https://64.204.43.30,64.204.43.30,443,https,403 Forbidden,,CN,Kaohsiung,https://64.204.43.30,MIFFLIN COUNTY WIRELESS LLC
https://64.204.43.111,64.204.43.111,443,https,403 Forbidden,,CN,Kaohsiung,https://64.204.43.111,MIFFLIN COUNTY WIRELESS LLC
https://64.204.43.209,64.204.43.209,443,https,403 Forbidden,,CN,Kaohsiung,https://64.204.43.209,MIFFLIN COUNTY WIRELESS LLC
https://64.204.43.194,64.204.43.194,443,https,403 Forbidden,,CN,Kaohsiung,https://64.204.43.194,MIFFLIN COUNTY WIRELESS LLC
https://64.204.43.154,64.204.43.154,443,https,403 Forbidden,,CN,Kaohsiung,https://64.204.43.154,MIFFLIN COUNTY WIRELESS LLC
https://188.253.6.173,188.253.6.173,443,https,403 Forbidden,,CN,Taipei,https://188.253.6.173,Akari Networks
https://64.204.43.91,64.204.43.91,443,https,403 Forbidden,,CN,Kaohsiung,https://64.204.43.91,MIFFLIN COUNTY WIRELESS LLC
https://64.204.43.218,64.204.43.218,443,https,403 Forbidden,,CN,Kaohsiung,https://64.204.43.218,MIFFLIN COUNTY WIRELESS LLC
https://64.204.43.146,64.204.43.146,443,https,403 Forbidden,,CN,Kaohsiung,https://64.204.43.146,MIFFLIN COUNTY WIRELESS LLC
https://64.204.43.251,64.204.43.251,443,https,403 Forbidden,,CN,Kaohsiung,https://64.204.43.251,MIFFLIN COUNTY WIRELESS LLC
https://64.204.43.226,64.204.43.226,443,https,403 Forbidden,,CN,Kaohsiung,https://64.204.43.226,MIFFLIN COUNTY WIRELESS LLC
https://64.204.43.149,64.204.43.149,443,https,403 Forbidden,,CN,Kaohsiung,https://64.204.43.149,MIFFLIN COUNTY WIRELESS LLC
https://64.204.43.148,64.204.43.148,443,https,403 Forbidden,,CN,Kaohsiung,https://64.204.43.148,MIFFLIN COUNTY WIRELESS LLC
https://64.204.43.198,64.204.43.198,443,https,403 Forbidden,,CN,Kaohsiung,https://64.204.43.198,MIFFLIN COUNTY WIRELESS LLC
https://64.204.43.233,64.204.43.233,443,https,403 Forbidden,,CN,Kaohsiung,https://64.204.43.233,MIFFLIN COUNTY WIRELESS LLC
https://64.204.43.222,64.204.43.222,443,https,403 Forbidden,,CN,Kaohsiung,https://64.204.43.222,MIFFLIN COUNTY WIRELESS LLC
https://61.216.171.251,61.216.171.251,443,https,403 Forbidden,,CN,Taipei,https://61.216.171.251,Data Communication Business Group
https://64.204.43.84,64.204.43.84,443,https,403 Forbidden,,CN,Kaohsiung,https://64.204.43.84,MIFFLIN COUNTY WIRELESS LLC
https://103.177.33.126,103.177.33.126,443,https,403 Forbidden,,CN,Taipei,https://103.177.33.126,"Sky Digital Co., Ltd."
https://151.247.243.8,151.247.243.8,443,https,403 Forbidden,,CN,Taipei,https://151.247.243.8,FDCservers.net
https://151.247.243.27,151.247.243.27,443,https,403 Forbidden,,CN,Taipei,https://151.247.243.27,FDCservers.net
https://151.247.243.11,151.247.243.11,443,https,403 Forbidden,,CN,Taipei,https://151.247.243.11,FDCservers.net
https://151.247.243.29,151.247.243.29,443,https,403 Forbidden,,CN,Taipei,https://151.247.243.29,FDCservers.net
https://151.247.243.9,151.247.243.9,443,https,403 Forbidden,,CN,Taipei,https://151.247.243.9,FDCservers.net
https://151.247.243.20,151.247.243.20,443,https,403 Forbidden,,CN,Taipei,https://151.247.243.20,FDCservers.net
https://202.153.4.79,202.153.4.79,443,https,403 Forbidden,,CN,Taipei,https://202.153.4.79,"Sky Digital Co., Ltd."
https://167.253.153.108,167.253.153.108,443,https,403 Forbidden,,CN,Taipei,https://167.253.153.108,Lamhosting LLC
https://64.204.43.92,64.204.43.92,443,https,403 Forbidden,,CN,Kaohsiung,https://64.204.43.92,MIFFLIN COUNTY WIRELESS LLC
https://64.204.43.98,64.204.43.98,443,https,403 Forbidden,,CN,Kaohsiung,https://64.204.43.98,MIFFLIN COUNTY WIRELESS LLC
https://64.204.43.77,64.204.43.77,443,https,403 Forbidden,,CN,Kaohsiung,https://64.204.43.77,MIFFLIN COUNTY WIRELESS LLC
https://64.204.43.68,64.204.43.68,443,https,403 Forbidden,,CN,Kaohsiung,https://64.204.43.68,MIFFLIN COUNTY WIRELESS LLC
https://64.204.43.62,64.204.43.62,443,https,403 Forbidden,,CN,Kaohsiung,https://64.204.43.62,MIFFLIN COUNTY WIRELESS LLC
https://64.204.43.56,64.204.43.56,443,https,403 Forbidden,,CN,Kaohsiung,https://64.204.43.56,MIFFLIN COUNTY WIRELESS LLC
https://64.204.43.24,64.204.43.24,443,https,403 Forbidden,,CN,Kaohsiung,https://64.204.43.24,MIFFLIN COUNTY WIRELESS LLC
https://64.204.43.10,64.204.43.10,443,https,403 Forbidden,,CN,Kaohsiung,https://64.204.43.10,MIFFLIN COUNTY WIRELESS LLC
https://64.204.43.94,64.204.43.94,443,https,403 Forbidden,,CN,Kaohsiung,https://64.204.43.94,MIFFLIN COUNTY WIRELESS LLC
https://64.204.43.103,64.204.43.103,443,https,403 Forbidden,,CN,Kaohsiung,https://64.204.43.103,MIFFLIN COUNTY WIRELESS LLC
https://64.204.43.130,64.204.43.130,443,https,403 Forbidden,,CN,Kaohsiung,https://64.204.43.130,MIFFLIN COUNTY WIRELESS LLC
https://64.204.43.69,64.204.43.69,443,https,403 Forbidden,,CN,Kaohsiung,https://64.204.43.69,MIFFLIN COUNTY WIRELESS LLC
https://64.204.43.19,64.204.43.19,443,https,403 Forbidden,,CN,Kaohsiung,https://64.204.43.19,MIFFLIN COUNTY WIRELESS LLC
https://64.204.43.89,64.204.43.89,443,https,403 Forbidden,,CN,Kaohsiung,https://64.204.43.89,MIFFLIN COUNTY WIRELESS LLC
https://64.204.43.112,64.204.43.112,443,https,403 Forbidden,,CN,Kaohsiung,https://64.204.43.112,MIFFLIN COUNTY WIRELESS LLC
https://64.204.43.76,64.204.43.76,443,https,403 Forbidden,,CN,Kaohsiung,https://64.204.43.76,MIFFLIN COUNTY WIRELESS LLC
https://180.214.176.180,180.214.176.180,443,https,403 Forbidden,,CN,Taipei,https://180.214.176.180,DaDa Broadband LTD.
https://64.204.43.31,64.204.43.31,443,https,403 Forbidden,,CN,Kaohsiung,https://64.204.43.31,MIFFLIN COUNTY WIRELESS LLC
https://64.204.43.125,64.204.43.125,443,https,403 Forbidden,,CN,Kaohsiung,https://64.204.43.125,MIFFLIN COUNTY WIRELESS LLC
https://64.204.43.38,64.204.43.38,443,https,403 Forbidden,,CN,Kaohsiung,https://64.204.43.38,MIFFLIN COUNTY WIRELESS LLC
https://64.204.43.113,64.204.43.113,443,https,403 Forbidden,,CN,Kaohsiung,https://64.204.43.113,MIFFLIN COUNTY WIRELESS LLC
https://64.204.43.74,64.204.43.74,443,https,403 Forbidden,,CN,Kaohsiung,https://64.204.43.74,MIFFLIN COUNTY WIRELESS LLC
https://64.204.43.49,64.204.43.49,443,https,403 Forbidden,,CN,Kaohsiung,https://64.204.43.49,MIFFLIN COUNTY WIRELESS LLC
https://167.253.153.147,167.253.153.147,443,https,403 Forbidden,,CN,Taipei,https://167.253.153.147,Lamhosting LLC
https://64.204.43.39,64.204.43.39,443,https,403 Forbidden,,CN,Kaohsiung,https://64.204.43.39,MIFFLIN COUNTY WIRELESS LLC
https://64.204.43.48,64.204.43.48,443,https,403 Forbidden,,CN,Kaohsiung,https://64.204.43.48,MIFFLIN COUNTY WIRELESS LLC
https://64.204.43.43,64.204.43.43,443,https,403 Forbidden,,CN,Kaohsiung,https://64.204.43.43,MIFFLIN COUNTY WIRELESS LLC
https://64.204.43.73,64.204.43.73,443,https,403 Forbidden,,CN,Kaohsiung,https://64.204.43.73,MIFFLIN COUNTY WIRELESS LLC
https://64.204.43.116,64.204.43.116,443,https,403 Forbidden,,CN,Kaohsiung,https://64.204.43.116,MIFFLIN COUNTY WIRELESS LLC
https://64.204.43.54,64.204.43.54,443,https,403 Forbidden,,CN,Kaohsiung,https://64.204.43.54,MIFFLIN COUNTY WIRELESS LLC
https://64.204.43.129,64.204.43.129,443,https,403 Forbidden,,CN,Kaohsiung,https://64.204.43.129,MIFFLIN COUNTY WIRELESS LLC
https://64.204.43.59,64.204.43.59,443,https,403 Forbidden,,CN,Kaohsiung,https://64.204.43.59,MIFFLIN COUNTY WIRELESS LLC
https://64.204.43.110,64.204.43.110,443,https,403 Forbidden,,CN,Kaohsiung,https://64.204.43.110,MIFFLIN COUNTY WIRELESS LLC
https://64.204.43.67,64.204.43.67,443,https,403 Forbidden,,CN,Kaohsiung,https://64.204.43.67,MIFFLIN COUNTY WIRELESS LLC
https://64.204.43.33,64.204.43.33,443,https,403 Forbidden,,CN,Kaohsiung,https://64.204.43.33,MIFFLIN COUNTY WIRELESS LLC
https://64.204.43.87,64.204.43.87,443,https,403 Forbidden,,CN,Kaohsiung,https://64.204.43.87,MIFFLIN COUNTY WIRELESS LLC
https://64.204.43.99,64.204.43.99,443,https,403 Forbidden,,CN,Kaohsiung,https://64.204.43.99,MIFFLIN COUNTY WIRELESS LLC
https://64.204.43.121,64.204.43.121,443,https,403 Forbidden,,CN,Kaohsiung,https://64.204.43.121,MIFFLIN COUNTY WIRELESS LLC
https://64.204.43.40,64.204.43.40,443,https,403 Forbidden,,CN,Kaohsiung,https://64.204.43.40,MIFFLIN COUNTY WIRELESS LLC
https://64.204.43.60,64.204.43.60,443,https,403 Forbidden,,CN,Kaohsiung,https://64.204.43.60,MIFFLIN COUNTY WIRELESS LLC
https://64.204.43.32,64.204.43.32,443,https,403 Forbidden,,CN,Kaohsiung,https://64.204.43.32,MIFFLIN COUNTY WIRELESS LLC
https://64.204.43.120,64.204.43.120,443,https,403 Forbidden,,CN,Kaohsiung,https://64.204.43.120,MIFFLIN COUNTY WIRELESS LLC
https://64.204.43.117,64.204.43.117,443,https,403 Forbidden,,CN,Kaohsiung,https://64.204.43.117,MIFFLIN COUNTY WIRELESS LLC
https://64.204.43.25,64.204.43.25,443,https,403 Forbidden,,CN,Kaohsiung,https://64.204.43.25,MIFFLIN COUNTY WIRELESS LLC
https://64.204.43.123,64.204.43.123,443,https,403 Forbidden,,CN,Kaohsiung,https://64.204.43.123,MIFFLIN COUNTY WIRELESS LLC
https://64.204.43.101,64.204.43.101,443,https,403 Forbidden,,CN,Kaohsiung,https://64.204.43.101,MIFFLIN COUNTY WIRELESS LLC
https://64.204.43.114,64.204.43.114,443,https,403 Forbidden,,CN,Kaohsiung,https://64.204.43.114,MIFFLIN COUNTY WIRELESS LLC
https://64.204.43.124,64.204.43.124,443,https,403 Forbidden,,CN,Kaohsiung,https://64.204.43.124,MIFFLIN COUNTY WIRELESS LLC
https://64.204.43.45,64.204.43.45,443,https,403 Forbidden,,CN,Kaohsiung,https://64.204.43.45,MIFFLIN COUNTY WIRELESS LLC
https://64.204.43.104,64.204.43.104,443,https,403 Forbidden,,CN,Kaohsiung,https://64.204.43.104,MIFFLIN COUNTY WIRELESS LLC
https://188.253.6.209,188.253.6.209,443,https,403 Forbidden,,CN,Taipei,https://188.253.6.209,Akari Networks
https://1.168.162.102,1.168.162.102,443,https,403 Forbidden,,CN,Taichung,https://1.168.162.102,Data Communication Business Group
https://61.223.89.56,61.223.89.56,443,https,403 Forbidden,,CN,Changhua,https://61.223.89.56,Data Communication Business Group
https://202.148.220.59,202.148.220.59,443,https,403 Forbidden,,CN,Taipei,https://202.148.220.59,"Sky Digital Co., Ltd."
https://36.238.206.36,36.238.206.36,443,https,403 Forbidden,,CN,Tainan,https://36.238.206.36,Data Communication Business Group
https://36.238.206.10,36.238.206.10,443,https,403 Forbidden,,CN,Tainan,https://36.238.206.10,Data Communication Business Group
https://36.238.206.43,36.238.206.43,443,https,403 Forbidden,,CN,Tainan,https://36.238.206.43,Data Communication Business Group
https://103.246.219.42,103.246.219.42,443,https,403 Forbidden,,CN,Taipei,https://103.246.219.42,"Imcloud Technology Co., Ltd."
https://220.135.92.105,220.135.92.105,443,https,403 Forbidden,,CN,Taipei,https://220.135.92.105,Data Communication Business Group
https://taicgof.tpex.org.tw,218.210.125.150,443,https,Attention Required! | Cloudflare,tpex.org.tw,CN,Taipei,https://taicgof.tpex.org.tw,"New Century InfoComm Tech Co., Ltd."
https://antifraud.tpex.org.tw,210.63.162.150,443,https,Attention Required! | Cloudflare,tpex.org.tw,CN,Taipei,https://antifraud.tpex.org.tw,"Taiwan Fixed Network, Telco and Network Service Provider."
https://hotels.celebritycruises.com,23.213.221.107,443,https,Access to this page has been denied,celebritycruises.com,CN,Taipei,https://hotels.celebritycruises.com,"Akamai Technologies, Inc."
https://hotels.royalcaribbean.com,23.213.221.107,443,https,Access to this page has been denied,royalcaribbean.com,CN,Taipei,https://hotels.royalcaribbean.com,"Akamai Technologies, Inc."
https://61.216.171.249,61.216.171.249,443,https,403 Forbidden,,CN,Taipei,https://61.216.171.249,Data Communication Business Group
https://61.216.171.250,61.216.171.250,443,https,403 Forbidden,,CN,Taipei,https://61.216.171.250,Data Communication Business Group
https://www.aws-prod.picdrop.com,3.169.137.98,443,https,Just a moment...,picdrop.com,CN,Taipei,https://www.aws-prod.picdrop.com,"Amazon.com, Inc."
https://www.picdrop.com,3.169.137.98,443,https,Just a moment...,picdrop.com,CN,Taipei,https://www.picdrop.com,"Amazon.com, Inc."
https://114.32.191.24,114.32.191.24,443,https,403 Forbidden,,CN,Taipei,https://114.32.191.24,Data Communication Business Group
https://102.134.35.225,102.134.35.225,443,https,403 Forbidden,,CN,Taipei,https://102.134.35.225,Turing Group Limited
https://103.227.227.111,103.227.227.111,443,https,403 Forbidden,,CN,Taoyuan,https://103.227.227.111,"Sky Digital Co., Ltd."
https://36.232.68.45,36.232.68.45,443,https,403 Forbidden,,CN,Taipei,https://36.232.68.45,Data Communication Business Group
https://125.228.178.245,125.228.178.245,443,https,403 Forbidden,,CN,Taipei,https://125.228.178.245,Data Communication Business Group
https://1.162.129.181,1.162.129.181,443,https,403 Forbidden,,CN,Banqiao,https://1.162.129.181,Data Communication Business Group
https://220.143.26.94,220.143.26.94,443,https,403 Forbidden,,CN,Chiayi,https://220.143.26.94,Data Communication Business Group
https://212.192.8.220,212.192.8.220,443,https,403 Forbidden,,CN,Taipei,https://212.192.8.220,Hostkey B.v.
https://202.153.4.203,202.153.4.203,443,https,403 Forbidden,,CN,Taipei,https://202.153.4.203,"Sky Digital Co., Ltd."
https://103.236.226.202,103.236.226.202,443,https,403 Forbidden,,CN,Taipei,https://103.236.226.202,Akari Networks
https://38.182.122.214,38.182.122.214,443,https,403 Forbidden,,CN,Taipei,https://38.182.122.214,GLOBAL COMMUNICATION NETWORK LIMITED
https://167.253.153.32,167.253.153.32,443,https,403 Forbidden,,CN,Taipei,https://167.253.153.32,Lamhosting LLC
https://220.133.202.226,220.133.202.226,443,https,403 Forbidden,,CN,Taipei,https://220.133.202.226,Data Communication Business Group
https://188.253.6.249,188.253.6.249,443,https,403 Forbidden,,CN,Taipei,https://188.253.6.249,Akari Networks
https://103.127.218.244,103.127.218.244,443,https,403 Forbidden,,CN,Taipei,https://103.127.218.244,"Pittqiao Network Information Co.,Ltd."
https://223.165.4.57,223.165.4.57,443,https,403 Forbidden,,CN,Taipei,https://223.165.4.57,"BrainStorm Network, Inc"
https://188.253.6.166,188.253.6.166,443,https,403 Forbidden,,CN,Taipei,https://188.253.6.166,Akari Networks
83.147.13.149:443,83.147.13.149,443,http,,,CN,Taipei,http://83.147.13.149:443,AKILE LTD
https://202.153.4.204,202.153.4.204,443,https,403 Forbidden,,CN,Taipei,https://202.153.4.204,"Sky Digital Co., Ltd."
https://202.153.4.200,202.153.4.200,443,https,403 Forbidden,,CN,Taipei,https://202.153.4.200,"Sky Digital Co., Ltd."
https://103.159.88.31,103.159.88.31,443,https,403 Forbidden,,CN,Taipei,https://103.159.88.31,"Emagine Concept, Inc."
https://36.238.195.84,36.238.195.84,443,https,403 Forbidden,,CN,Taipei,https://36.238.195.84,Data Communication Business Group
https://141.11.42.51,141.11.42.51,443,https,403 Forbidden,,CN,Taipei,https://141.11.42.51,Akari Networks
https://35.206.253.17,35.206.253.17,443,https,403 Forbidden,,CN,Taipei,https://35.206.253.17,Google LLC
https://36.238.195.226,36.238.195.226,443,https,403 Forbidden,,CN,Taipei,https://36.238.195.226,Data Communication Business Group
https://220.143.13.56,220.143.13.56,443,https,403 Forbidden,,CN,Taipei,https://220.143.13.56,Data Communication Business Group
https://118.161.64.69,118.161.64.69,443,https,403 Forbidden,,CN,Taipei,https://118.161.64.69,Data Communication Business Group
https://38.182.122.150,38.182.122.150,443,https,403 Forbidden,,CN,Taipei,https://38.182.122.150,GLOBAL COMMUNICATION NETWORK LIMITED
https://61.223.125.22,61.223.125.22,443,https,403 Forbidden,,CN,Taipei,https://61.223.125.22,Data Communication Business Group
https://103.236.226.181,103.236.226.181,443,https,403 Forbidden,,CN,Taipei,https://103.236.226.181,Akari Networks
https://118.170.89.86,118.170.89.86,443,https,403 Forbidden,,CN,Changhua,https://118.170.89.86,Data Communication Business Group
https://118.194.253.232,118.194.253.232,443,https,403 Forbidden,,CN,Taipei,https://118.194.253.232,UCLOUD INFORMATION TECHNOLOGY HK LIMITED
https://118.194.255.84,118.194.255.84,443,https,403 Forbidden,,CN,Taipei,https://118.194.255.84,UCLOUD INFORMATION TECHNOLOGY HK LIMITED
https://122.117.232.81,122.117.232.81,443,https,403 Forbidden,,CN,Taipei,https://122.117.232.81,Data Communication Business Group
https://61.221.116.150,61.221.116.150,443,https,403 Forbidden,,CN,Taipei,https://61.221.116.150,Data Communication Business Group
https://151.242.224.41,151.242.224.41,443,https,403 Forbidden,,CN,Taipei,https://151.242.224.41,"Tomorin Network, LLC"
https://118.170.91.197,118.170.91.197,443,https,403 Forbidden,,CN,Taipei,https://118.170.91.197,Data Communication Business Group
https://202.148.220.66,202.148.220.66,443,https,403 Forbidden,,CN,Taipei,https://202.148.220.66,"Sky Digital Co., Ltd."
https://185.72.10.232,185.72.10.232,443,https,403 Forbidden,,CN,Taipei,https://185.72.10.232,Iron Hosting Centre LTD
https://185.72.10.132,185.72.10.132,443,https,403 Forbidden,,CN,Taipei,https://185.72.10.132,Iron Hosting Centre LTD
https://185.72.10.238,185.72.10.238,443,https,403 Forbidden,,CN,Taipei,https://185.72.10.238,Iron Hosting Centre LTD
https://185.72.10.234,185.72.10.234,443,https,403 Forbidden,,CN,Taipei,https://185.72.10.234,Iron Hosting Centre LTD
https://185.72.10.77,185.72.10.77,443,https,403 Forbidden,,CN,Taipei,https://185.72.10.77,Iron Hosting Centre LTD
https://64.49.28.190,64.49.28.190,443,https,403 Forbidden,,CN,Taipei,https://64.49.28.190,TAIPEI101 NETWORK LLC
https://ic.tpex.org.tw,203.74.185.148,443,https,Attention Required! | Cloudflare,tpex.org.tw,CN,Taipei,https://ic.tpex.org.tw,Data Communication Business Group
https://1.162.145.149,1.162.145.149,443,https,403 Forbidden,,CN,Taipei,https://1.162.145.149,Data Communication Business Group
https://220.143.15.99,220.143.15.99,443,https,403 Forbidden,,CN,Douliu,https://220.143.15.99,Data Communication Business Group
https://b2bpr.tsmc.com,202.126.65.91,443,https,Attention Required! | Cloudflare,tsmc.com,CN,Hsinchu,https://b2bpr.tsmc.com,"Taiwan Semiconductor Manufactoring Company, Ltd."
https://83.147.12.166,83.147.12.166,443,https,403 Forbidden,,CN,Taipei,https://83.147.12.166,AKILE LTD
https://167.253.153.22,167.253.153.22,443,https,403 Forbidden,,CN,Taipei,https://167.253.153.22,Lamhosting LLC
https://202.148.221.142,202.148.221.142,443,https,403 Forbidden,,CN,Taipei,https://202.148.221.142,"Sky Digital Co., Ltd."
https://61.223.72.98,61.223.72.98,443,https,403 Forbidden,,CN,Taipei,https://61.223.72.98,Data Communication Business Group
https://103.150.36.85,103.150.36.85,443,https,403 Forbidden,,CN,Taichung,https://103.150.36.85,HostingInside LTD.
https://167.253.153.6,167.253.153.6,443,https,403 Forbidden,,CN,Taipei,https://167.253.153.6,Lamhosting LLC
https://36.237.179.188,36.237.179.188,443,https,403 Forbidden,,CN,Tainan,https://36.237.179.188,Data Communication Business Group
https://167.253.153.58,167.253.153.58,443,https,403 Forbidden,,CN,Taipei,https://167.253.153.58,Lamhosting LLC
https://166.0.199.175,166.0.199.175,443,https,403 Forbidden,,CN,Taipei,https://166.0.199.175,AKILE LTD
https://167.253.153.253,167.253.153.253,443,https,403 Forbidden,,CN,Taipei,https://167.253.153.253,Lamhosting LLC
https://178.173.254.43,178.173.254.43,443,https,403 Forbidden,,CN,Taipei,https://178.173.254.43,SIA VEESP
https://167.253.153.126,167.253.153.126,443,https,403 Forbidden,,CN,Taipei,https://167.253.153.126,Lamhosting LLC
https://61.216.171.247,61.216.171.247,443,https,403 Forbidden,,CN,Taipei,https://61.216.171.247,Data Communication Business Group
https://167.253.153.125,167.253.153.125,443,https,403 Forbidden,,CN,Taipei,https://167.253.153.125,Lamhosting LLC
https://178.173.255.130,178.173.255.130,443,https,403 Forbidden,,CN,Taipei,https://178.173.255.130,SIA VEESP
https://178.173.254.224,178.173.254.224,443,https,403 Forbidden,,CN,Taipei,https://178.173.254.224,SIA VEESP
https://167.253.153.214,167.253.153.214,443,https,403 Forbidden,,CN,Taipei,https://167.253.153.214,Lamhosting LLC
https://103.131.189.122,103.131.189.122,443,https,403 Forbidden,,CN,Taipei,https://103.131.189.122,HostingInside LTD.
https://167.253.153.161,167.253.153.161,443,https,403 Forbidden,,CN,Taipei,https://167.253.153.161,Lamhosting LLC
https://165.154.226.228,165.154.226.228,443,https,403 Forbidden,,CN,Taipei,https://165.154.226.228,Scloud Pte Ltd
https://36.228.16.66,36.228.16.66,443,https,403 Forbidden,,CN,Banqiao,https://36.228.16.66,Data Communication Business Group
https://118.166.210.114,118.166.210.114,443,https,403 Forbidden,,CN,Banqiao,https://118.166.210.114,Data Communication Business Group
https://111.251.135.11,111.251.135.11,443,https,403 Forbidden,,CN,Taipei,https://111.251.135.11,Data Communication Business Group
https://103.115.109.117,103.115.109.117,443,https,403 Forbidden,,CN,Taipei,https://103.115.109.117,GLOBAL COMMUNICATION NETWORK LIMITED
https://167.253.153.162,167.253.153.162,443,https,403 Forbidden,,CN,Taipei,https://167.253.153.162,Lamhosting LLC
https://178.173.255.159,178.173.255.159,443,https,403 Forbidden,,CN,Taipei,https://178.173.255.159,SIA VEESP
https://202.153.4.202,202.153.4.202,443,https,403 Forbidden,,CN,Taipei,https://202.153.4.202,"Sky Digital Co., Ltd."
https://103.115.109.43,103.115.109.43,443,https,403 Forbidden,,CN,Taipei,https://103.115.109.43,GLOBAL COMMUNICATION NETWORK LIMITED
https://220.143.9.91,220.143.9.91,443,https,403 Forbidden,,CN,Douliu,https://220.143.9.91,Data Communication Business Group
https://202.153.4.229,202.153.4.229,443,https,403 Forbidden,,CN,Taipei,https://202.153.4.229,"Sky Digital Co., Ltd."
https://103.236.226.89,103.236.226.89,443,https,403 Forbidden,,CN,Taipei,https://103.236.226.89,Akari Networks
https://103.115.108.89,103.115.108.89,443,https,403 Forbidden,,CN,Taipei,https://103.115.108.89,GLOBAL COMMUNICATION NETWORK LIMITED
https://160.187.100.7,160.187.100.7,443,https,403 Forbidden,,CN,Taipei,https://160.187.100.7,GLOBAL COMMUNICATION NETWORK LIMITED
https://36.232.16.183,36.232.16.183,443,https,403 Forbidden,,CN,Nantou,https://36.232.16.183,Data Communication Business Group
https://202.153.4.141,202.153.4.141,443,https,403 Forbidden,,CN,Taipei,https://202.153.4.141,"Sky Digital Co., Ltd."
https://156.245.236.211,156.245.236.211,443,https,403 Forbidden,,CN,Taipei,https://156.245.236.211,Zillion Network Inc.
https://220.134.18.32,220.134.18.32,443,https,403 Forbidden,,CN,Taipei,https://220.134.18.32,Data Communication Business Group
https://167.253.153.163,167.253.153.163,443,https,403 Forbidden,,CN,Taipei,https://167.253.153.163,Lamhosting LLC
https://167.253.153.47,167.253.153.47,443,https,403 Forbidden,,CN,Taipei,https://167.253.153.47,Lamhosting LLC
https://167.253.153.76,167.253.153.76,443,https,403 Forbidden,,CN,Taipei,https://167.253.153.76,Lamhosting LLC
https://167.253.153.80,167.253.153.80,443,https,403 Forbidden,,CN,Taipei,https://167.253.153.80,Lamhosting LLC
https://bctw.ningque.me,103.115.108.113,443,https,,ningque.me,CN,Taipei,https://bctw.ningque.me,GLOBAL COMMUNICATION NETWORK LIMITED
https://103.236.226.3,103.236.226.3,443,https,403 Forbidden,,CN,Taipei,https://103.236.226.3,Akari Networks
https://portal.ifood.com.br,104.116.243.49,443,https,Attention Required! | Cloudflare,ifood.com.br,CN,Taipei,https://portal.ifood.com.br,Akamai International B.V.
https://moovit.com,3.169.137.80,443,https,Just a moment...,moovit.com,CN,Taipei,https://moovit.com,"Amazon.com, Inc."
https://media.centralsquare.com,3.169.55.118,443,https,Just a moment...,centralsquare.com,CN,Taipei,https://media.centralsquare.com,"Amazon.com, Inc."
https://123.195.162.252,123.195.162.252,443,https,403 Forbidden,,CN,Taipei,https://123.195.162.252,kbro CO. Ltd.
https://badges.softwareadvice.com,3.169.55.84,443,https,403 Forbidden,softwareadvice.com,CN,Taipei,https://badges.softwareadvice.com,"Amazon.com, Inc."
https://d3lclm53tbcdw6.cloudfront.net,3.169.58.56,443,https,403 Forbidden,d3lclm53tbcdw6.cloudfront.net,CN,Taipei,https://d3lclm53tbcdw6.cloudfront.net,"Amazon.com, Inc."
https://aestheticnow.com,3.169.121.44,443,https,Just a moment...,aestheticnow.com,CN,Taipei,https://aestheticnow.com,"Amazon.com, Inc."
https://thehelm.polb.com,61.220.62.243,443,https,Just a moment...,polb.com,CN,Taipei,https://thehelm.polb.com,Data Communication Business Group
https://1.162.155.210,1.162.155.210,443,https,403 Forbidden,,CN,Taipei,https://1.162.155.210,Data Communication Business Group
https://www.collegeadvisor.com,203.69.81.121,443,https,Just a moment...,collegeadvisor.com,CN,Taipei,https://www.collegeadvisor.com,Data Communication Business Group
https://223.165.4.173,223.165.4.173,443,https,403 Forbidden,,CN,Taipei,https://223.165.4.173,"BrainStorm Network, Inc"
https://d1jikcjf8oridj.cloudfront.net,3.169.132.182,443,https,,d1jikcjf8oridj.cloudfront.net,CN,Taipei,https://d1jikcjf8oridj.cloudfront.net,"Amazon.com, Inc."
https://bigblueswimschool.com,3.169.137.31,443,https,Just a moment...,bigblueswimschool.com,CN,Taipei,https://bigblueswimschool.com,"Amazon.com, Inc."
https://103.150.36.122,103.150.36.122,443,https,403 Forbidden,,CN,Taichung,https://103.150.36.122,HostingInside LTD.
https://www.marieclaire.com.au,3.169.36.124,443,https,403 Forbidden,marieclaire.com.au,CN,Taipei,https://www.marieclaire.com.au,"Amazon.com, Inc."
https://167.253.153.44,167.253.153.44,443,https,403 Forbidden,,CN,Taipei,https://167.253.153.44,Lamhosting LLC
https://167.253.153.228,167.253.153.228,443,https,403 Forbidden,,CN,Taipei,https://167.253.153.228,Lamhosting LLC
https://167.253.153.182,167.253.153.182,443,https,403 Forbidden,,CN,Taipei,https://167.253.153.182,Lamhosting LLC
https://167.253.153.215,167.253.153.215,443,https,403 Forbidden,,CN,Taipei,https://167.253.153.215,Lamhosting LLC
https://167.253.153.176,167.253.153.176,443,https,403 Forbidden,,CN,Taipei,https://167.253.153.176,Lamhosting LLC
https://211.76.187.114,211.76.187.114,443,https,403 Forbidden,,CN,Taipei,https://211.76.187.114,"Sky Digital Co., Ltd."
https://36.237.146.84,36.237.146.84,443,https,403 Forbidden,,CN,Taipei,https://36.237.146.84,Data Communication Business Group
https://1.168.173.50,1.168.173.50,443,https,403 Forbidden,,CN,Taipei,https://1.168.173.50,Data Communication Business Group
https://36.232.91.111,36.232.91.111,443,https,403 Forbidden,,CN,Taichung,https://36.232.91.111,Data Communication Business Group
https://118.161.73.243,118.161.73.243,443,https,403 Forbidden,,CN,Taoyuan,https://118.161.73.243,Data Communication Business Group
https://36.237.149.215,36.237.149.215,443,https,403 Forbidden,,CN,Xinying,https://36.237.149.215,Data Communication Business Group
https://202.148.221.153,202.148.221.153,443,https,403 Forbidden,,CN,Taipei,https://202.148.221.153,"Sky Digital Co., Ltd."
https://220.143.33.144,220.143.33.144,443,https,403 Forbidden,,CN,Taipei,https://220.143.33.144,Data Communication Business Group
https://103.127.218.230,103.127.218.230,443,https,403 Forbidden,,CN,Taipei,https://103.127.218.230,"Pittqiao Network Information Co.,Ltd."
https://36.228.20.97,36.228.20.97,443,https,403 Forbidden,,CN,Banqiao,https://36.228.20.97,Data Communication Business Group
https://assets.telecomtv.com,3.169.121.17,443,https,403 - Forbidden: Access is denied.,telecomtv.com,CN,Taipei,https://assets.telecomtv.com,"Amazon.com, Inc."
https://dgvcw7pll0qa8.cloudfront.net,3.169.132.126,443,https,403 - Forbidden: Access is denied.,dgvcw7pll0qa8.cloudfront.net,CN,Taipei,https://dgvcw7pll0qa8.cloudfront.net,"Amazon.com, Inc."
https://bigranch.cdn.speedyrails.net,3.169.137.62,443,https,403 Forbidden,speedyrails.net,CN,Taipei,https://bigranch.cdn.speedyrails.net,"Amazon.com, Inc."
https://static.chemlinked.com.cn,3.169.55.8,443,https,403 Forbidden,chemlinked.com.cn,CN,Taipei,https://static.chemlinked.com.cn,"Amazon.com, Inc."
https://cdn-front-door.elice.io,3.169.137.70,443,https,,elice.io,CN,Taipei,https://cdn-front-door.elice.io,"Amazon.com, Inc."
https://ltc-1.goveduca.com.br,3.169.36.104,443,https,,goveduca.com.br,CN,Taipei,https://ltc-1.goveduca.com.br,"Amazon.com, Inc."
https://act.shesource.org,3.169.137.123,443,https,Attention Required! | Cloudflare,shesource.org,CN,Taipei,https://act.shesource.org,"Amazon.com, Inc."
https://rotary.thunder-production.com,210.71.227.139,443,https,Just a moment...,thunder-production.com,CN,Taipei,https://rotary.thunder-production.com,Data Communication Business Group
https://d1fuainj13qzhu.cloudfront.net,3.169.43.20,443,https,Error,d1fuainj13qzhu.cloudfront.net,CN,Taipei,https://d1fuainj13qzhu.cloudfront.net,"Amazon.com, Inc."
https://s44021.pcdn.co,3.169.121.46,443,https,Just a moment...,pcdn.co,CN,Taipei,https://s44021.pcdn.co,"Amazon.com, Inc."
https://103.137.22.75,103.137.22.75,443,https,403 Forbidden,,CN,Taipei,https://103.137.22.75,"Imcloud Technology Co., Ltd."
https://125.228.236.138,125.228.236.138,443,https,403 Forbidden,,CN,Keelung,https://125.228.236.138,Data Communication Business Group
https://id.velocityfrequentflyer.com,23.42.102.201,443,https,,velocityfrequentflyer.com,CN,Taipei,https://id.velocityfrequentflyer.com,"Akamai Technologies, Inc."
https://acer-support.top,213.210.4.44,443,https,DNS points to prohibited IP | acer-support.top | Cloudflare,acer-support.top,CN,Taipei,https://acer-support.top,ByteVirt LLC
https://103.177.33.167,103.177.33.167,443,https,403 Forbidden,,CN,Taipei,https://103.177.33.167,"Sky Digital Co., Ltd."
https://1.162.186.10,1.162.186.10,443,https,403 Forbidden,,CN,Taipei,https://1.162.186.10,Data Communication Business Group
https://220.143.31.48,220.143.31.48,443,https,403 Forbidden,,CN,Taibao,https://220.143.31.48,Data Communication Business Group
https://111.251.136.110,111.251.136.110,443,https,403 Forbidden,,CN,Taoyuan,https://111.251.136.110,Data Communication Business Group
https://1.168.174.74,1.168.174.74,443,https,403 Forbidden,,CN,Changhua,https://1.168.174.74,Data Communication Business Group
https://36.238.199.27,36.238.199.27,443,https,403 Forbidden,,CN,Xinying,https://36.238.199.27,Data Communication Business Group
https://36.238.207.179,36.238.207.179,443,https,403 Forbidden,,CN,Taipei,https://36.238.207.179,Data Communication Business Group
https://220.143.34.54,220.143.34.54,443,https,403 Forbidden,,CN,Taipei,https://220.143.34.54,Data Communication Business Group
https://36.225.5.157,36.225.5.157,443,https,403 Forbidden,,CN,Banqiao,https://36.225.5.157,Data Communication Business Group
https://35.206.251.32,35.206.251.32,443,https,403 Forbidden,,CN,Taipei,https://35.206.251.32,Google LLC
https://85.237.207.229,85.237.207.229,443,https,403 Forbidden,,CN,Taipei,https://85.237.207.229,WAP.AC LLC
https://145.79.149.62,145.79.149.62,443,https,403 Forbidden,,CN,Taipei,https://145.79.149.62,AKILE LTD
https://dhefyu5tjj2km.cloudfront.net,3.169.43.144,443,https,Just a moment...,dhefyu5tjj2km.cloudfront.net,CN,Taipei,https://dhefyu5tjj2km.cloudfront.net,"Amazon.com, Inc."
https://www.ewnova.live,3.169.55.94,443,https,Just a moment...,ewnova.live,CN,Taipei,https://www.ewnova.live,"Amazon.com, Inc."
https://www.mindtools.com,3.169.55.3,443,https,Just a moment...,mindtools.com,CN,Taipei,https://www.mindtools.com,"Amazon.com, Inc."
https://dv4xo43u9eo19.cloudfront.net,3.169.117.202,443,https,403 Forbidden,dv4xo43u9eo19.cloudfront.net,CN,Taipei,https://dv4xo43u9eo19.cloudfront.net,"Amazon.com, Inc."
https://45.196.239.197,45.196.239.197,443,https,403 Forbidden,,CN,Taipei,https://45.196.239.197,ACCK LLC
https://assets-abp.anandabazar.com,210.71.227.201,443,https,Just a moment...,anandabazar.com,CN,Taipei,https://assets-abp.anandabazar.com,Data Communication Business Group
https://d3vetndiuyukmg.cloudfront.net,3.169.43.179,443,https,Attention Required! | Cloudflare,d3vetndiuyukmg.cloudfront.net,CN,Taipei,https://d3vetndiuyukmg.cloudfront.net,"Amazon.com, Inc."
https://images.tretorn.eu,3.169.137.40,443,https,,tretorn.eu,CN,Taipei,https://images.tretorn.eu,"Amazon.com, Inc."
https://start-c.turbo.net,3.169.55.110,443,https,,turbo.net,CN,Taipei,https://start-c.turbo.net,"Amazon.com, Inc."
https://cdn.usetably.com,3.169.36.73,443,https,,usetably.com,CN,Taipei,https://cdn.usetably.com,"Amazon.com, Inc."
https://36.238.206.125,36.238.206.125,443,https,403 Forbidden,,CN,Tainan,https://36.238.206.125,Data Communication Business Group
https://prod.weareteachers.com,23.210.215.219,443,https,Just a moment...,weareteachers.com,CN,Taipei,https://prod.weareteachers.com,Akamai International B.V.
https://responsiveads.com,3.169.55.70,443,https,Just a moment...,responsiveads.com,CN,Taipei,https://responsiveads.com,"Amazon.com, Inc."
https://preprod-hotels.celebritycruises.com,23.42.103.117,443,https,Access to this page has been denied,celebritycruises.com,CN,Taipei,https://preprod-hotels.celebritycruises.com,"Akamai Technologies, Inc."
https://103.115.108.68,103.115.108.68,443,https,403 Forbidden,,CN,Taipei,https://103.115.108.68,GLOBAL COMMUNICATION NETWORK LIMITED
https://preprod-hotels.royalcaribbean.com,23.11.88.67,443,https,,royalcaribbean.com,CN,Taipei,https://preprod-hotels.royalcaribbean.com,"Akamai Technologies, Inc."
https://staging.montblanc.com,203.69.81.80,443,https,Attention Required! | Cloudflare,montblanc.com,CN,Taipei,https://staging.montblanc.com,Data Communication Business Group
https://d1hd7hmh02y0fr.cloudfront.net,3.169.117.130,443,https,Attention Required! | Cloudflare,d1hd7hmh02y0fr.cloudfront.net,CN,Taipei,https://d1hd7hmh02y0fr.cloudfront.net,"Amazon.com, Inc."
https://b2bts.tsmc.com,202.126.65.93,443,https,Attention Required! | Cloudflare,tsmc.com,CN,Hsinchu,https://b2bts.tsmc.com,"Taiwan Semiconductor Manufactoring Company, Ltd."
https://36.237.143.14,36.237.143.14,443,https,403 Forbidden,,CN,Tainan,https://36.237.143.14,Data Communication Business Group
https://45.196.239.211,45.196.239.211,443,https,403 Forbidden,,CN,Taipei,https://45.196.239.211,ACCK LLC
https://45.196.239.87,45.196.239.87,443,https,403 Forbidden,,CN,Taipei,https://45.196.239.87,ACCK LLC
https://45.196.239.238,45.196.239.238,443,https,403 Forbidden,,CN,Taipei,https://45.196.239.238,ACCK LLC
https://202.153.5.202,202.153.5.202,443,https,403 Forbidden,,CN,Taipei,https://202.153.5.202,"Sky Digital Co., Ltd."
https://61.223.97.2,61.223.97.2,443,https,403 Forbidden,,CN,Yuanlin,https://61.223.97.2,Data Communication Business Group
https://1.170.241.246,1.170.241.246,443,https,403 Forbidden,,CN,Yuanlin,https://1.170.241.246,Data Communication Business Group
https://45.196.238.69,45.196.238.69,443,https,403 Forbidden,,CN,Taipei,https://45.196.238.69,ACCK LLC
https://220.143.25.50,220.143.25.50,443,https,403 Forbidden,,CN,Chiayi,https://220.143.25.50,Data Communication Business Group
https://45.196.239.191,45.196.239.191,443,https,403 Forbidden,,CN,Taipei,https://45.196.239.191,ACCK LLC
https://38.54.107.154,38.54.107.154,443,https,403 Forbidden,,CN,Taipei,https://38.54.107.154,Kaopu Cloud HK Limited
https://45.196.238.145,45.196.238.145,443,https,403 Forbidden,,CN,Taipei,https://45.196.238.145,ACCK LLC
https://45.196.238.44,45.196.238.44,443,https,403 Forbidden,,CN,Taipei,https://45.196.238.44,ACCK LLC
https://36.238.202.60,36.238.202.60,443,https,403 Forbidden,,CN,Xinying,https://36.238.202.60,Data Communication Business Group
https://160.187.100.202,160.187.100.202,443,https,403 Forbidden,,CN,Taipei,https://160.187.100.202,GLOBAL COMMUNICATION NETWORK LIMITED
https://45.196.238.248,45.196.238.248,443,https,403 Forbidden,,CN,Taipei,https://45.196.238.248,ACCK LLC
https://83.147.13.190,83.147.13.190,443,https,403 Forbidden,,CN,Taipei,https://83.147.13.190,AKILE LTD
https://103.246.219.215,103.246.219.215,443,https,403 Forbidden,,CN,Taipei,https://103.246.219.215,"Imcloud Technology Co., Ltd."
https://45.196.239.92,45.196.239.92,443,https,403 Forbidden,,CN,Taipei,https://45.196.239.92,ACCK LLC
https://111.251.136.140,111.251.136.140,443,https,403 Forbidden,,CN,Taoyuan,https://111.251.136.140,Data Communication Business Group
https://cms.ancestrycdn.com,184.84.197.41,443,https,,ancestrycdn.com,CN,Taipei,https://cms.ancestrycdn.com,"Akamai Technologies, Inc."
https://d1pu2ba46e97q8.cloudfront.net,3.169.117.142,443,https,403 - Forbidden: Access is denied.,d1pu2ba46e97q8.cloudfront.net,CN,Taipei,https://d1pu2ba46e97q8.cloudfront.net,"Amazon.com, Inc."
https://d2f0rb8pddf3ug.cloudfront.net,3.169.43.58,443,https,403 - Forbidden: Access is denied.,d2f0rb8pddf3ug.cloudfront.net,CN,Taipei,https://d2f0rb8pddf3ug.cloudfront.net,"Amazon.com, Inc."
https://di5fgdew4nptq.cloudfront.net,3.169.117.212,443,https,403 - Forbidden: Access is denied.,di5fgdew4nptq.cloudfront.net,CN,Taipei,https://di5fgdew4nptq.cloudfront.net,"Amazon.com, Inc."
https://d3qptdgu9qd5ny.cloudfront.net,3.169.132.197,443,https,403 - Forbidden: Access is denied.,d3qptdgu9qd5ny.cloudfront.net,CN,Taipei,https://d3qptdgu9qd5ny.cloudfront.net,"Amazon.com, Inc."
https://dfpc.cdn.garenanow.com,128.1.102.6,443,https,,garenanow.com,CN,Kaohsiung,https://dfpc.cdn.garenanow.com,Data Communication Business Group
https://assets.unileversolutions.com,184.29.41.225,443,https,1000,unileversolutions.com,CN,Taipei,https://assets.unileversolutions.com,"Akamai Technologies, Inc."
https://www.ridewithvia.com,3.169.55.88,443,https,Just a moment...,ridewithvia.com,CN,Taipei,https://www.ridewithvia.com,"Amazon.com, Inc."
https://nweb.tpex.org.tw,210.63.162.135,443,https,Attention Required! | Cloudflare,tpex.org.tw,CN,Taipei,https://nweb.tpex.org.tw,"Taiwan Fixed Network, Telco and Network Service Provider."
https://36.237.185.215,36.237.185.215,443,https,403 Forbidden,,CN,Tainan,https://36.237.185.215,Data Communication Business Group
https://111.251.158.147,111.251.158.147,443,https,403 Forbidden,,CN,Taoyuan,https://111.251.158.147,Data Communication Business Group
https://36.225.34.160,36.225.34.160,443,https,403 Forbidden,,CN,Taipei,https://36.225.34.160,Data Communication Business Group
https://38.60.214.132,38.60.214.132,443,https,403 Forbidden,,CN,Taipei,https://38.60.214.132,Kaopu Cloud HK Limited
https://220.143.19.240,220.143.19.240,443,https,403 Forbidden,,CN,Chiayi,https://220.143.19.240,Data Communication Business Group
https://36.238.198.178,36.238.198.178,443,https,403 Forbidden,,CN,Tainan,https://36.238.198.178,Data Communication Business Group
https://220.143.6.29,220.143.6.29,443,https,403 Forbidden,,CN,Douliu,https://220.143.6.29,Data Communication Business Group
https://111.243.71.140,111.243.71.140,443,https,403 Forbidden,,CN,Taipei,https://111.243.71.140,Data Communication Business Group
https://36.237.186.210,36.237.186.210,443,https,403 Forbidden,,CN,Xinying,https://36.237.186.210,Data Communication Business Group
https://111.246.12.122,111.246.12.122,443,https,403 Forbidden,,CN,Yuanlin,https://111.246.12.122,Data Communication Business Group
https://36.225.16.2,36.225.16.2,443,https,403 Forbidden,,CN,Banqiao,https://36.225.16.2,Data Communication Business Group
https://45.121.51.209,45.121.51.209,443,https,403 Forbidden,,CN,Taipei,https://45.121.51.209,"Emagine Concept, Inc."
https://85.237.207.19,85.237.207.19,443,https,403 Forbidden,,CN,Taipei,https://85.237.207.19,WAP.AC LLC
https://1.170.233.171,1.170.233.171,443,https,403 Forbidden,,CN,Changhua,https://1.170.233.171,Data Communication Business Group
https://145.79.148.98,145.79.148.98,443,https,403 Forbidden,,CN,Taipei,https://145.79.148.98,AKILE LTD
https://d3fhbhbdc81n2i.cloudfront.net,3.169.55.34,443,https,,d3fhbhbdc81n2i.cloudfront.net,CN,Taipei,https://d3fhbhbdc81n2i.cloudfront.net,"Amazon.com, Inc."
https://www.allconnect.com,3.169.121.123,443,https,Just a moment...,allconnect.com,CN,Taipei,https://www.allconnect.com,"Amazon.com, Inc."
https://lnkvtb.nymb03.com,141.11.42.55,443,https,403 Forbidden,nymb03.com,CN,Taipei,https://lnkvtb.nymb03.com,Akari Networks
https://1.162.179.162,1.162.179.162,443,https,403 Forbidden,,CN,Taipei,https://1.162.179.162,Data Communication Business Group
https://103.159.88.22,103.159.88.22,443,https,403 Forbidden,,CN,Taipei,https://103.159.88.22,"Emagine Concept, Inc."
https://45.196.238.222,45.196.238.222,443,https,403 Forbidden,,CN,Taipei,https://45.196.238.222,ACCK LLC
https://36.238.200.85,36.238.200.85,443,https,403 Forbidden,,CN,Tainan,https://36.238.200.85,Data Communication Business Group
https://1.170.247.113,1.170.247.113,443,https,403 Forbidden,,CN,Yuanlin,https://1.170.247.113,Data Communication Business Group
https://36.229.8.139,36.229.8.139,443,https,403 Forbidden,,CN,Taipei,https://36.229.8.139,Data Communication Business Group
https://36.238.197.20,36.238.197.20,443,https,403 Forbidden,,CN,Tainan,https://36.238.197.20,Data Communication Business Group
https://45.121.51.43,45.121.51.43,443,https,403 Forbidden,,CN,Taipei,https://45.121.51.43,"Emagine Concept, Inc."
https://1.162.98.36,1.162.98.36,443,https,403 Forbidden,,CN,Banqiao,https://1.162.98.36,Data Communication Business Group
https://111.251.160.38,111.251.160.38,443,https,403 Forbidden,,CN,Taoyuan,https://111.251.160.38,Data Communication Business Group
https://45.196.238.49,45.196.238.49,443,https,403 Forbidden,,CN,Taipei,https://45.196.238.49,ACCK LLC
https://d1m232vsyej29j.cloudfront.net,3.169.132.69,443,https,,d1m232vsyej29j.cloudfront.net,CN,Taipei,https://d1m232vsyej29j.cloudfront.net,"Amazon.com, Inc."
https://d1nvdmt0osh3cv.cloudfront.net,3.169.58.66,443,https,Attention Required! | Cloudflare,d1nvdmt0osh3cv.cloudfront.net,CN,Taipei,https://d1nvdmt0osh3cv.cloudfront.net,"Amazon.com, Inc."
https://45.196.239.151,45.196.239.151,443,https,403 Forbidden,,CN,Taipei,https://45.196.239.151,ACCK LLC
https://45.196.239.132,45.196.239.132,443,https,403 Forbidden,,CN,Taipei,https://45.196.239.132,ACCK LLC
https://154.196.2.212,154.196.2.212,443,https,403 Forbidden,,CN,Taipei,https://154.196.2.212,Antbox Networks Limited
https://111.251.167.223,111.251.167.223,443,https,403 Forbidden,,CN,Taoyuan,https://111.251.167.223,Data Communication Business Group
https://220.143.37.163,220.143.37.163,443,https,403 Forbidden,,CN,Douliu,https://220.143.37.163,Data Communication Business Group
https://61.223.72.66,61.223.72.66,443,https,403 Forbidden,,CN,Taipei,https://61.223.72.66,Data Communication Business Group
